<?xml version="1.0" encoding="UTF-8"?>
<extension version="3.0" type="plugin" group="content" method="upgrade">

	<name>Content - Click To Dial</name>
	<author>Mohamed Zuraiman</author>
	<creationDate>April 2016</creationDate>
	<copyright>Copyright (C) 2016 SACS. All rights reserved.</copyright>
	<license>http://www.gnu.org/licenses/gpl-3.0.html</license>
	<authorEmail>zuraiman@gmail.com</authorEmail>
	<authorUrl>http://www.sacs-it.com</authorUrl>
	<version>1.2.0</version>
	<description>
		<![CDATA[
		<p>This is a free plugin that will replace phone numbers with click to dial links. Requires Joomla! 3.0 or greater. Do not forget to publish this plugin.</p>
		<p>You can use this plugin on commercial websites as well, but please leave the author links intact.</p>
		<b>It follows the pattern: XXXX-XXXX (First Part of number of digits - Second Part of number of digits)</b>
		]]>
	</description>
	
	<files>
		<filename plugin="click2dial">click2dial.php</filename>
		<filename>index.html</filename>
		<folder>language</folder>
	</files>
	
	<languages>
		<language tag="en-GB">language/en-GB/en-GB.plg_content_click2dial.ini</language>
	</languages>
	
	<config>
		<fields name="params">
			<fieldset name="basic">

				<field name="note1" type="note" class="alert alert-info" label="PLG_CONTENT_CLICK2DIAL_NOTE1_LABEL"
					   description="PLG_CONTENT_CLICK2DIAL_NOTE1_DESC"
				/>
				<field name="phoneDigits1a" type="text"
					default="4"
					label="PLG_CONTENT_CLICK2DIAL_FIELD_PHONEDIGITS1_LABEL"
					description="PLG_CONTENT_CLICK2DIAL_FIELD_PHONEDIGITS1_DESC"
				/>
				<field name="phoneDigits2a" type="text"
					default="4"
					label="PLG_CONTENT_CLICK2DIAL_FIELD_PHONEDIGITS2_LABEL"
					description="PLG_CONTENT_CLICK2DIAL_FIELD_PHONEDIGITS2_DESC"
				/>
				<field name="phone_icon1disable" type="radio" default="1" label="PLG_CONTENT_CLICK2DIAL_RADIO_DISABLEPHONEICON_LABEL" description="PLG_CONTENT_CLICK2DIAL_RADIO_DISABLEPHONEICON_DESC">
					<option value="0">Hide</option>
					<option value="1">Show</option>
				</field>
				<field name="phone_icon1" type="list" default="icon-home" label="PLG_CONTENT_CLICK2DIAL_LIST_PHONEICON_LABEL" description="PLG_CONTENT_CLICK2DIAL_LIST_PHONEICON_DESC">
					<option value="icon-home">Home</option>
					<option value="icon-user">User</option>
					<option value="icon-plus">Plus</option>
					<option value="icon-play">Play</option>
					<option value="icon-arrow-right">Arrow Right</option>
					<option value="icon-thumbs-up">Thumbs Up</option>
					<option value="icon-star">Star</option>
					<option value="icon-help">Help</option>
					<option value="icon-address">Address</option>
					<option value="icon-mobile">Mobile</option>
					<option value="icon-support">Support</option>
					<option value="icon-warning">Warning</option>
					<option value="icon-briefcase">Briefcase</option>
					<option value="icon-checkmark">Checkmark</option>
					<option value="icon-lamp">Lamp</option>
					<option value="icon-bookmark">Bookmark</option>
					<option value="icon-remove">Remove</option>
					<option value="icon-vcard">VCard</option>
					<option value="icon-cart">Cart</option>
					<option value="icon-basket">Basket</option>
				</field>
				<field name="badge_tag1" type="list" default="Default" label="PLG_CONTENT_CLICK2DIAL_LIST_PHONEBADGECOLOR_LABEL" description="PLG_CONTENT_CLICK2DIAL_LIST_PHONEBADGECOLOR_DESC">
					<option value="">Grey</option>
					<option value="badge-success">Green</option>
					<option value="badge-warning">Orange</option>
					<option value="badge-important">Red</option>
					<option value="badge-info">Blue</option>
					<option value="badge-inverse">Black</option>
				</field>
				<field name="note2" type="note" class="alert alert-info" label="PLG_CONTENT_CLICK2DIAL_NOTE2_LABEL"
					   description="PLG_CONTENT_CLICK2DIAL_NOTE2_DESC"
				/>
				<field name="phoneDigits1b" type="text"
					default="3"
					label="PLG_CONTENT_CLICK2DIAL_FIELD_PHONEDIGITS1_LABEL"
					description="PLG_CONTENT_CLICK2DIAL_FIELD_PHONEDIGITS1_DESC"
				/>
				<field name="phoneDigits2b" type="text"
					default="4"
					label="PLG_CONTENT_CLICK2DIAL_FIELD_PHONEDIGITS2_LABEL"
					description="PLG_CONTENT_CLICK2DIAL_FIELD_PHONEDIGITS2_DESC"
				/>
				<field name="phone_icon2disable" type="radio" default="1" label="PLG_CONTENT_CLICK2DIAL_RADIO_DISABLEPHONEICON_LABEL" description="PLG_CONTENT_CLICK2DIAL_RADIO_DISABLEPHONEICON_DESC">
					<option value="0">Hide</option>
					<option value="1">Show</option>
				</field>			
				<field name="phone_icon2" type="list" default="icon-mobile" label="PLG_CONTENT_CLICK2DIAL_LIST_PHONEICON_LABEL" description="PLG_CONTENT_CLICK2DIAL_LIST_PHONEICON_DESC">
					<option value="icon-home">Home</option>
					<option value="icon-user">User</option>
					<option value="icon-plus">Plus</option>
					<option value="icon-play">Play</option>
					<option value="icon-arrow-right">Arrow Right</option>
					<option value="icon-thumbs-up">Thumbs Up</option>
					<option value="icon-star">Star</option>
					<option value="icon-help">Help</option>
					<option value="icon-address">Address</option>
					<option value="icon-mobile">Mobile</option>
					<option value="icon-support">Support</option>
					<option value="icon-warning">Warning</option>
					<option value="icon-briefcase">Briefcase</option>
					<option value="icon-checkmark">Checkmark</option>
					<option value="icon-lamp">Lamp</option>
					<option value="icon-bookmark">Bookmark</option>
					<option value="icon-remove">Remove</option>
					<option value="icon-vcard">VCard</option>
					<option value="icon-cart">Cart</option>
					<option value="icon-basket">Basket</option>
				</field>
				<field name="badge_tag2" type="list" default="Default" label="PLG_CONTENT_CLICK2DIAL_LIST_PHONEBADGECOLOR_LABEL" description="PLG_CONTENT_CLICK2DIAL_LIST_PHONEBADGECOLOR_DESC">
					<option value="">Grey</option>
					<option value="badge-success">Green</option>
					<option value="badge-warning">Orange</option>
					<option value="badge-important">Red</option>
					<option value="badge-info">Blue</option>
					<option value="badge-inverse">Black</option>
				</field>
				<field type="spacer" name="spacer" hr="true" />

			</fieldset>
		</fields>
	</config>

</extension>
